{"urn:wtsi:plate0001_H04_sample000031": {"high_maf_het": [1, 0.161905], "low_maf_het": [1, 0.0]}, "urn:wtsi:plate0001_F06_sample000045": {"high_maf_het": [1, 0.266667], "low_maf_het": [1, 0.0]}, "urn:wtsi:plate0001_C05_sample000034": {"high_maf_het": [1, 0.114286], "low_maf_het": [1, 0.0]}, "urn:wtsi:plate0001_A09_sample000064": {"high_maf_het": [1, 0.147619], "low_maf_het": [1, 0.0]}, "urn:wtsi:plate0001_G01_sample000006": {"high_maf_het": [1, 0.233333], "low_maf_het": [1, 0.0]}, "urn:wtsi:plate0001_C09_sample000066": {"high_maf_het": [1, 0.290476], "low_maf_het": [1, 0.0]}, "urn:wtsi:plate0001_B03_sample000017": {"high_maf_het": [1, 0.114286], "low_maf_het": [1, 0.0]}, "urn:wtsi:plate0001_F01_sample000005": {"high_maf_het": [1, 0.204762], "low_maf_het": [1, 0.0]}, "urn:wtsi:plate0001_G10_sample000078": {"high_maf_het": [1, 0.109524], "low_maf_het": [1, 0.0]}, "urn:wtsi:plate0001_C11_sample000082": {"high_maf_het": [1, 0.27619], "low_maf_het": [1, 0.0]}, "urn:wtsi:plate0001_A04_sample000024": {"high_maf_het": [1, 0.214286], "low_maf_het": [1, 0.0]}, "urn:wtsi:plate0001_E01_sample000004": {"high_maf_het": [1, 0.204762], "low_maf_het": [1, 0.0]}, "urn:wtsi:plate0001_C07_sample000050": {"high_maf_het": [1, 0.119048], "low_maf_het": [1, 0.0]}, "urn:wtsi:plate0001_D04_sample000027": {"high_maf_het": [1, 0.27619], "low_maf_het": [1, 0.0]}, "urn:wtsi:plate0001_E10_sample000076": {"high_maf_het": [1, 0.157143], "low_maf_het": [1, 0.0]}, "urn:wtsi:plate0001_A06_sample000040": {"high_maf_het": [1, 0.104762], "low_maf_het": [1, 0.0]}, "urn:wtsi:plate0001_E08_sample000060": {"high_maf_het": [1, 0.128571], "low_maf_het": [1, 0.0]}, "urn:wtsi:plate0001_F09_sample000069": {"high_maf_het": [1, 0.257143], "low_maf_het": [1, 0.0]}, "urn:wtsi:plate0001_F07_sample000053": {"high_maf_het": [1, 0.214286], "low_maf_het": [1, 0.0]}, "urn:wtsi:plate0001_F04_sample000029": {"high_maf_het": [1, 0.138095], "low_maf_het": [1, 0.0]}, "urn:wtsi:plate0001_E11_sample000084": {"high_maf_het": [1, 0.195238], "low_maf_het": [1, 0.0]}, "urn:wtsi:plate0002_C01_sample000098": {"high_maf_het": [1, 0.138095], "low_maf_het": [1, 0.0]}, "urn:wtsi:plate0001_F12_sample000093": {"high_maf_het": [1, 0.128571], "low_maf_het": [1, 0.0]}, "urn:wtsi:plate0001_B04_sample000025": {"high_maf_het": [1, 0.228571], "low_maf_het": [1, 0.0]}, "urn:wtsi:plate0001_B01_sample000001": {"high_maf_het": [1, 0.12381], "low_maf_het": [1, 0.0]}, "urn:wtsi:plate0001_B08_sample000057": {"high_maf_het": [1, 0.209524], "low_maf_het": [1, 0.0]}, "urn:wtsi:plate0001_H11_sample000087": {"high_maf_het": [1, 0.247619], "low_maf_het": [1, 0.0]}, "urn:wtsi:plate0001_F05_sample000037": {"high_maf_het": [1, 0.128571], "low_maf_het": [1, 0.0]}, "urn:wtsi:plate0001_C01_sample000002": {"high_maf_het": [1, 0.12381], "low_maf_het": [1, 0.0]}, "urn:wtsi:plate0001_E07_sample000052": {"high_maf_het": [1, 0.242857], "low_maf_het": [1, 0.0]}, "urn:wtsi:plate0001_G07_sample000054": {"high_maf_het": [1, 0.128571], "low_maf_het": [1, 0.0]}, "urn:wtsi:plate0001_E03_sample000020": {"high_maf_het": [1, 0.138095], "low_maf_het": [1, 0.0]}, "urn:wtsi:plate0001_H05_sample000039": {"high_maf_het": [1, 0.104762], "low_maf_het": [1, 0.0]}, "urn:wtsi:plate0001_H02_sample000015": {"high_maf_het": [1, 0.261905], "low_maf_het": [1, 0.0]}, "urn:wtsi:plate0001_E12_sample000092": {"high_maf_het": [1, 0.138095], "low_maf_het": [1, 0.0]}, "urn:wtsi:plate0001_B02_sample000009": {"high_maf_het": [1, 0.233333], "low_maf_het": [1, 0.0]}, "urn:wtsi:plate0001_H08_sample000063": {"high_maf_het": [1, 0.142857], "low_maf_het": [1, 0.0]}, "urn:wtsi:plate0001_D12_sample000091": {"high_maf_het": [1, 0.190476], "low_maf_het": [1, 0.0]}, "urn:wtsi:plate0001_D02_sample000011": {"high_maf_het": [1, 0.133333], "low_maf_het": [1, 0.0]}, "urn:wtsi:plate0001_F10_sample000077": {"high_maf_het": [1, 0.114286], "low_maf_het": [1, 0.0]}, "urn:wtsi:plate0001_H07_sample000055": {"high_maf_het": [1, 0.242857], "low_maf_het": [1, 0.0]}, "urn:wtsi:plate0002_D01_sample000099": {"high_maf_het": [1, 0.157143], "low_maf_het": [1, 0.0]}, "urn:wtsi:plate0001_H01_sample000007": {"high_maf_het": [1, 0.233333], "low_maf_het": [1, 0.0]}, "urn:wtsi:plate0001_C04_sample000026": {"high_maf_het": [1, 0.22381], "low_maf_het": [1, 0.0]}, "urn:wtsi:plate0001_D07_sample000051": {"high_maf_het": [1, 0.209524], "low_maf_het": [1, 0.0]}, "urn:wtsi:plate0001_D10_sample000075": {"high_maf_het": [1, 0.119048], "low_maf_het": [1, 0.0]}, "urn:wtsi:plate0001_G09_sample000070": {"high_maf_het": [1, 0.219048], "low_maf_het": [1, 0.0]}, "urn:wtsi:plate0001_G05_sample000038": {"high_maf_het": [1, 0.22381], "low_maf_het": [1, 0.0]}, "urn:wtsi:plate0001_H03_sample000023": {"high_maf_het": [1, 0.119048], "low_maf_het": [1, 0.0]}, "urn:wtsi:plate0001_G12_sample000094": {"high_maf_het": [1, 0.12381], "low_maf_het": [1, 0.0]}, "urn:wtsi:plate0001_C10_sample000074": {"high_maf_het": [1, 0.180952], "low_maf_het": [1, 0.0]}, "urn:wtsi:plate0001_D09_sample000067": {"high_maf_het": [1, 0.22381], "low_maf_het": [1, 0.0]}, "urn:wtsi:plate0001_G08_sample000062": {"high_maf_het": [1, 0.104762], "low_maf_het": [1, 0.0]}, "urn:wtsi:plate0001_F11_sample000085": {"high_maf_het": [1, 0.280952], "low_maf_het": [1, 0.0]}, "urn:wtsi:plate0001_G06_sample000046": {"high_maf_het": [1, 0.1], "low_maf_het": [1, 0.0]}, "urn:wtsi:plate0001_C08_sample000058": {"high_maf_het": [1, 0.090476], "low_maf_het": [1, 0.0]}, "urn:wtsi:plate0001_G04_sample000030": {"high_maf_het": [1, 0.219048], "low_maf_het": [1, 0.0]}, "urn:wtsi:plate0001_E04_sample000028": {"high_maf_het": [1, 0.319048], "low_maf_het": [1, 0.0]}, "urn:wtsi:plate0001_A07_sample000048": {"high_maf_het": [1, 0.119048], "low_maf_het": [1, 0.0]}, "urn:wtsi:plate0001_H06_sample000047": {"high_maf_het": [1, 0.252381], "low_maf_het": [1, 0.0]}, "urn:wtsi:plate0002_A01_sample000096": {"high_maf_het": [1, 0.147619], "low_maf_het": [1, 0.0]}, "urn:wtsi:plate0001_C02_sample000010": {"high_maf_het": [1, 0.228571], "low_maf_het": [1, 0.0]}, "urn:wtsi:plate0001_D06_sample000043": {"high_maf_het": [1, 0.104762], "low_maf_het": [1, 0.0]}, "urn:wtsi:plate0001_F08_sample000061": {"high_maf_het": [1, 0.128571], "low_maf_het": [1, 0.0]}, "urn:wtsi:plate0001_A12_sample000088": {"high_maf_het": [1, 0.209524], "low_maf_het": [1, 0.0]}, "urn:wtsi:plate0001_A11_sample000080": {"high_maf_het": [1, 0.266667], "low_maf_het": [1, 0.0]}, "urn:wtsi:plate0001_G02_sample000014": {"high_maf_het": [1, 0.147619], "low_maf_het": [1, 0.0]}, "urn:wtsi:plate0001_H10_sample000079": {"high_maf_het": [1, 0.209524], "low_maf_het": [1, 0.0]}, "urn:wtsi:plate0002_B01_sample000097": {"high_maf_het": [1, 0.114286], "low_maf_het": [1, 0.0]}, "urn:wtsi:plate0001_C03_sample000018": {"high_maf_het": [1, 0.128571], "low_maf_het": [1, 0.0]}, "urn:wtsi:plate0001_B09_sample000065": {"high_maf_het": [1, 0.090476], "low_maf_het": [1, 0.0]}, "urn:wtsi:plate0001_D03_sample000019": {"high_maf_het": [1, 0.152381], "low_maf_het": [1, 0.0]}, "urn:wtsi:plate0001_H12_sample000095": {"high_maf_het": [1, 0.285714], "low_maf_het": [1, 0.0]}, "urn:wtsi:plate0001_D05_sample000035": {"high_maf_het": [1, 0.285714], "low_maf_het": [1, 0.0]}, "urn:wtsi:plate0001_F03_sample000021": {"high_maf_het": [1, 0.095238], "low_maf_het": [1, 0.0]}, "urn:wtsi:plate0001_D11_sample000083": {"high_maf_het": [1, 0.128571], "low_maf_het": [1, 0.0]}, "urn:wtsi:plate0001_B05_sample000033": {"high_maf_het": [1, 0.119048], "low_maf_het": [1, 0.0]}, "urn:wtsi:plate0001_B06_sample000041": {"high_maf_het": [1, 0.266667], "low_maf_het": [1, 0.0]}, "urn:wtsi:plate0001_B07_sample000049": {"high_maf_het": [1, 0.104762], "low_maf_het": [1, 0.0]}, "urn:wtsi:plate0001_A03_sample000016": {"high_maf_het": [1, 0.119048], "low_maf_het": [1, 0.0]}, "urn:wtsi:plate0001_A05_sample000032": {"high_maf_het": [1, 0.157143], "low_maf_het": [1, 0.0]}, "urn:wtsi:plate0001_B10_sample000073": {"high_maf_het": [1, 0.109524], "low_maf_het": [1, 0.0]},