{"PAIRWISE_DISCORDANCE":{"sample003":{"sample001":0.133333333333333,"sample004":0,"sample002":0},"sample001":{"sample003":0.133333333333333,"sample004":0.133333333333333,"sample002":0.133333333333333},"sample004":{"sample003":0,"sample001":0.133333333333333,"sample002":0},"sample002":{"sample003":0,"sample001":0.133333333333333,"sample004":0}},"MAX_DISCORDANCE":0.133333333333333}