{"PAIRWISE_DISCORDANCE":{"sample003":{"sample001":0.137931034482759,"sample004":0,"sample002":0},"sample001":{"sample003":0.137931034482759,"sample004":0.137931034482759,"sample002":0.137931034482759},"sample004":{"sample003":0,"sample001":0.137931034482759,"sample002":0},"sample002":{"sample003":0,"sample001":0.137931034482759,"sample004":0}},"MAX_DISCORDANCE":0.137931034482759}